{"cameraMode":{"drawMode":0,"name":"Shaded","section":"Shading Mode"},"sceneLighting":true,"audioPlay":false,"sceneViewState":{"m_AlwaysRefresh":false,"showFog":true,"showSkybox":true,"showFlares":true,"showImageEffects":true,"showParticleSystems":true,"showVisualEffectGraphs":true,"m_FxEnabled":true},"in2DMode":false,"pivot":{"x":0.7864351272583008,"y":0.9545202255249023,"z":1.960111141204834},"rotation":{"x":0.15960918366909028,"y":-0.6072356700897217,"z":0.12619389593601228,"w":0.7680411338806152},"size":3.053250551223755,"orthographic":true}