{"cameraMode":{"drawMode":0,"name":"Shaded","section":"Shading Mode"},"sceneLighting":true,"audioPlay":false,"sceneViewState":{"m_AlwaysRefresh":false,"showFog":true,"showSkybox":true,"showFlares":true,"showImageEffects":true,"showParticleSystems":true,"showVisualEffectGraphs":true,"m_FxEnabled":true},"in2DMode":false,"pivot":{"x":0.02419149875640869,"y":1.3670282363891602,"z":-0.7179295420646668},"rotation":{"x":-0.17481140792369843,"y":0.08643634617328644,"z":-0.015404372476041317,"w":-0.9807047247886658},"size":2.9409754276275636,"orthographic":true}