{"cameraMode":{"drawMode":0,"name":"Shaded","section":"Shading Mode"},"sceneLighting":true,"audioPlay":false,"sceneViewState":{"m_AlwaysRefresh":false,"showFog":true,"showSkybox":true,"showFlares":true,"showImageEffects":true,"showParticleSystems":true,"showVisualEffectGraphs":true,"m_FxEnabled":true},"in2DMode":false,"pivot":{"x":0.5950756669044495,"y":2.505467176437378,"z":-3.9644999504089357},"rotation":{"x":-0.0821610763669014,"y":0.16458295285701753,"z":-0.013752141036093235,"w":-0.9828750491142273},"size":2.515251636505127,"orthographic":true}