{"cameraMode":{"drawMode":0,"name":"Shaded","section":"Shading Mode"},"sceneLighting":false,"audioPlay":false,"sceneViewState":{"m_AlwaysRefresh":false,"showFog":true,"showSkybox":false,"showFlares":true,"showImageEffects":true,"showParticleSystems":true,"showVisualEffectGraphs":true,"m_FxEnabled":true},"in2DMode":false,"pivot":{"x":1.559999942779541,"y":1.1100000143051148,"z":1.458038091659546},"rotation":{"x":-0.22487202286720277,"y":-0.22756172716617585,"z":0.05412467196583748,"w":-0.9459365606307983},"size":0.8660253882408142,"orthographic":false}